	model	condition	microdiff	macrodiff	acc
0	google-bert/bert-base-multilingual-cased	long_vp_coord	3.9448939253971913	3.9448939253971913	0.928
1	google-bert/bert-base-multilingual-cased	obj_rel_across_anim	0.5237617467887633	0.5237617467887633	0.5677678571428572
2	google-bert/bert-base-multilingual-cased	obj_rel_within_anim	-0.022377034370077854	-0.022377034370077854	0.4991964285714286
3	google-bert/bert-base-multilingual-cased	prep_anim	1.0942300214445484	1.0942300214445484	0.751031746031746
4	google-bert/bert-base-multilingual-cased	simple_agrmt	2.9639264271195445	2.9639264271195445	0.8357142857142857
5	google-bert/bert-base-multilingual-cased	subj_rel	0.6150249092146155	0.6150249092146155	0.6099107142857143
6	google-bert/bert-base-multilingual-cased	vp_coord	3.3433626154946086	3.3433626154946086	0.8948979591836734
